"SASAP.Region","Species","Year","escapement"
"Alaska Peninsula and Aleutian Islands","Chinook",1974,1092
"Alaska Peninsula and Aleutian Islands","Chinook",1975,1917
"Alaska Peninsula and Aleutian Islands","Chinook",1976,3045
"Alaska Peninsula and Aleutian Islands","Chinook",1977,4844
"Alaska Peninsula and Aleutian Islands","Chinook",1978,3901
"Alaska Peninsula and Aleutian Islands","Chinook",1979,10463
"Alaska Peninsula and Aleutian Islands","Chinook",1980,4506
"Alaska Peninsula and Aleutian Islands","Chinook",1981,5046
"Alaska Peninsula and Aleutian Islands","Chinook",1982,6503
"Alaska Peninsula and Aleutian Islands","Chinook",1983,11589
"Alaska Peninsula and Aleutian Islands","Chinook",1984,5412
"Alaska Peninsula and Aleutian Islands","Chinook",1985,2861
"Alaska Peninsula and Aleutian Islands","Chinook",1986,758
"Alaska Peninsula and Aleutian Islands","Chinook",1987,844
"Alaska Peninsula and Aleutian Islands","Chinook",1989,330
"Alaska Peninsula and Aleutian Islands","Chinook",1990,250
"Alaska Peninsula and Aleutian Islands","Chinook",1991,659
"Alaska Peninsula and Aleutian Islands","Chinook",1992,551
"Alaska Peninsula and Aleutian Islands","Chinook",1994,1658
"Alaska Peninsula and Aleutian Islands","Chinook",1995,1116
"Alaska Peninsula and Aleutian Islands","Chinook",1996,1178
"Alaska Peninsula and Aleutian Islands","Chinook",1997,1360
"Alaska Peninsula and Aleutian Islands","Chinook",1998,3159
"Alaska Peninsula and Aleutian Islands","Chinook",1999,2601
"Alaska Peninsula and Aleutian Islands","Chinook",2000,3975
"Alaska Peninsula and Aleutian Islands","Chinook",2001,5632
"Alaska Peninsula and Aleutian Islands","Chinook",2002,4708
"Alaska Peninsula and Aleutian Islands","Chinook",2003,3428
"Alaska Peninsula and Aleutian Islands","Chinook",2004,6677
"Alaska Peninsula and Aleutian Islands","Chinook",2005,3608
"Alaska Peninsula and Aleutian Islands","Chinook",2006,1918
"Alaska Peninsula and Aleutian Islands","Chinook",2007,2654
"Alaska Peninsula and Aleutian Islands","Chinook",2008,4773
"Alaska Peninsula and Aleutian Islands","Chinook",2009,1432
"Alaska Peninsula and Aleutian Islands","Chinook",2010,2805
"Alaska Peninsula and Aleutian Islands","Chinook",2011,1601
"Alaska Peninsula and Aleutian Islands","Chinook",2012,1055
"Alaska Peninsula and Aleutian Islands","Chinook",2013,1346
"Alaska Peninsula and Aleutian Islands","Chinook",2014,3152
"Alaska Peninsula and Aleutian Islands","Chinook",2015,2906
"Alaska Peninsula and Aleutian Islands","Chinook",2016,6164
"Alaska Peninsula and Aleutian Islands","Chum",1974,8244
"Alaska Peninsula and Aleutian Islands","Chum",1975,4498
"Alaska Peninsula and Aleutian Islands","Chum",1976,42110
"Alaska Peninsula and Aleutian Islands","Chum",1977,83139
"Alaska Peninsula and Aleutian Islands","Chum",1978,10191
"Alaska Peninsula and Aleutian Islands","Chum",1979,36968
"Alaska Peninsula and Aleutian Islands","Chum",1980,156165
"Alaska Peninsula and Aleutian Islands","Chum",1981,54363
"Alaska Peninsula and Aleutian Islands","Chum",1982,28128
"Alaska Peninsula and Aleutian Islands","Chum",1983,12132
"Alaska Peninsula and Aleutian Islands","Chum",1984,45115
"Alaska Peninsula and Aleutian Islands","Chum",1985,12567
"Alaska Peninsula and Aleutian Islands","Chum",1989,425
"Alaska Peninsula and Aleutian Islands","Chum",1990,336
"Alaska Peninsula and Aleutian Islands","Chum",1991,739
"Alaska Peninsula and Aleutian Islands","Chum",1992,259
"Alaska Peninsula and Aleutian Islands","Chum",1994,472
"Alaska Peninsula and Aleutian Islands","Chum",1995,1333
"Alaska Peninsula and Aleutian Islands","Chum",1996,1629
"Alaska Peninsula and Aleutian Islands","Chum",1997,288
"Alaska Peninsula and Aleutian Islands","Chum",1998,1751
"Alaska Peninsula and Aleutian Islands","Chum",1999,4067
"Alaska Peninsula and Aleutian Islands","Chum",2000,15093
"Alaska Peninsula and Aleutian Islands","Chum",2001,37637
"Alaska Peninsula and Aleutian Islands","Chum",2002,45333
"Alaska Peninsula and Aleutian Islands","Chum",2003,1087
"Alaska Peninsula and Aleutian Islands","Chum",2004,2050
"Alaska Peninsula and Aleutian Islands","Chum",2005,4322
"Alaska Peninsula and Aleutian Islands","Chum",2006,2108
"Alaska Peninsula and Aleutian Islands","Chum",2007,467
"Alaska Peninsula and Aleutian Islands","Chum",2008,2532
"Alaska Peninsula and Aleutian Islands","Chum",2009,929
"Alaska Peninsula and Aleutian Islands","Chum",2010,4905
"Alaska Peninsula and Aleutian Islands","Chum",2011,502
"Alaska Peninsula and Aleutian Islands","Chum",2012,827
"Alaska Peninsula and Aleutian Islands","Chum",2013,1431
"Alaska Peninsula and Aleutian Islands","Chum",2014,2539
"Alaska Peninsula and Aleutian Islands","Chum",2015,2058
"Alaska Peninsula and Aleutian Islands","Chum",2016,9574
"Alaska Peninsula and Aleutian Islands","Coho",1974,2388
"Alaska Peninsula and Aleutian Islands","Coho",1975,2358
"Alaska Peninsula and Aleutian Islands","Coho",1976,1450
"Alaska Peninsula and Aleutian Islands","Coho",1978,1425
"Alaska Peninsula and Aleutian Islands","Coho",1979,2251
"Alaska Peninsula and Aleutian Islands","Coho",1980,542
"Alaska Peninsula and Aleutian Islands","Coho",1982,28803
"Alaska Peninsula and Aleutian Islands","Coho",1989,33
"Alaska Peninsula and Aleutian Islands","Coho",1998,94
"Alaska Peninsula and Aleutian Islands","Coho",1999,20
"Alaska Peninsula and Aleutian Islands","Coho",2000,439
"Alaska Peninsula and Aleutian Islands","Coho",2001,6149
"Alaska Peninsula and Aleutian Islands","Coho",2002,7141
"Alaska Peninsula and Aleutian Islands","Coho",2003,8184
"Alaska Peninsula and Aleutian Islands","Coho",2004,3835
"Alaska Peninsula and Aleutian Islands","Coho",2005,4164
"Alaska Peninsula and Aleutian Islands","Coho",2006,4092
"Alaska Peninsula and Aleutian Islands","Coho",2007,45
"Alaska Peninsula and Aleutian Islands","Coho",2008,20
"Alaska Peninsula and Aleutian Islands","Coho",2009,1
"Alaska Peninsula and Aleutian Islands","Coho",2010,229
"Alaska Peninsula and Aleutian Islands","Coho",2011,3
"Alaska Peninsula and Aleutian Islands","Coho",2012,6
"Alaska Peninsula and Aleutian Islands","Coho",2013,2
"Alaska Peninsula and Aleutian Islands","Coho",2014,5
"Alaska Peninsula and Aleutian Islands","Coho",2015,2
"Alaska Peninsula and Aleutian Islands","Coho",2016,1
"Alaska Peninsula and Aleutian Islands","Pink",1977,288
"Alaska Peninsula and Aleutian Islands","Pink",1978,429
"Alaska Peninsula and Aleutian Islands","Pink",1979,228
"Alaska Peninsula and Aleutian Islands","Pink",1987,186
"Alaska Peninsula and Aleutian Islands","Pink",1989,1195
"Alaska Peninsula and Aleutian Islands","Pink",1990,2816
"Alaska Peninsula and Aleutian Islands","Pink",1991,7029
"Alaska Peninsula and Aleutian Islands","Pink",1992,1019
"Alaska Peninsula and Aleutian Islands","Pink",1993,352
"Alaska Peninsula and Aleutian Islands","Pink",1994,1512
"Alaska Peninsula and Aleutian Islands","Pink",1995,759
"Alaska Peninsula and Aleutian Islands","Pink",1996,1502
"Alaska Peninsula and Aleutian Islands","Pink",1997,2251
"Alaska Peninsula and Aleutian Islands","Pink",1998,11004
"Alaska Peninsula and Aleutian Islands","Pink",1999,3046
"Alaska Peninsula and Aleutian Islands","Pink",2000,9541
"Alaska Peninsula and Aleutian Islands","Pink",2001,6035
"Alaska Peninsula and Aleutian Islands","Pink",2002,4343
"Alaska Peninsula and Aleutian Islands","Pink",2003,1748
"Alaska Peninsula and Aleutian Islands","Pink",2004,6484
"Alaska Peninsula and Aleutian Islands","Pink",2005,6557
"Alaska Peninsula and Aleutian Islands","Pink",2006,4265
"Alaska Peninsula and Aleutian Islands","Pink",2007,6315
"Alaska Peninsula and Aleutian Islands","Pink",2008,5863
"Alaska Peninsula and Aleutian Islands","Pink",2009,2990
"Alaska Peninsula and Aleutian Islands","Pink",2010,1512
"Alaska Peninsula and Aleutian Islands","Pink",2011,1479
"Alaska Peninsula and Aleutian Islands","Pink",2012,2212
"Alaska Peninsula and Aleutian Islands","Pink",2013,5585
"Alaska Peninsula and Aleutian Islands","Pink",2014,15425
"Alaska Peninsula and Aleutian Islands","Pink",2015,19118
"Alaska Peninsula and Aleutian Islands","Pink",2016,4359
"Alaska Peninsula and Aleutian Islands","Sockeye",1964,290000
"Alaska Peninsula and Aleutian Islands","Sockeye",1965,115000
"Alaska Peninsula and Aleutian Islands","Sockeye",1966,180000
"Alaska Peninsula and Aleutian Islands","Sockeye",1967,170000
"Alaska Peninsula and Aleutian Islands","Sockeye",1968,150000
"Alaska Peninsula and Aleutian Islands","Sockeye",1969,361000
"Alaska Peninsula and Aleutian Islands","Sockeye",1970,269000
"Alaska Peninsula and Aleutian Islands","Sockeye",1971,251000
"Alaska Peninsula and Aleutian Islands","Sockeye",1972,127000
"Alaska Peninsula and Aleutian Islands","Sockeye",1973,125000
"Alaska Peninsula and Aleutian Islands","Sockeye",1974,250000
"Alaska Peninsula and Aleutian Islands","Sockeye",1975,270000
"Alaska Peninsula and Aleutian Islands","Sockeye",1976,250000
"Alaska Peninsula and Aleutian Islands","Sockeye",1977,215000
"Alaska Peninsula and Aleutian Islands","Sockeye",1978,730000
"Alaska Peninsula and Aleutian Islands","Sockeye",1979,1304106
"Alaska Peninsula and Aleutian Islands","Sockeye",1980,1009195
"Alaska Peninsula and Aleutian Islands","Sockeye",1981,934221
"Alaska Peninsula and Aleutian Islands","Sockeye",1982,471612
"Alaska Peninsula and Aleutian Islands","Sockeye",1983,453264
"Alaska Peninsula and Aleutian Islands","Sockeye",1984,638209
"Alaska Peninsula and Aleutian Islands","Sockeye",1985,749430
"Alaska Peninsula and Aleutian Islands","Sockeye",1986,381963
"Alaska Peninsula and Aleutian Islands","Sockeye",1987,399414
"Alaska Peninsula and Aleutian Islands","Sockeye",1988,445000
"Alaska Peninsula and Aleutian Islands","Sockeye",1989,644300
"Alaska Peninsula and Aleutian Islands","Sockeye",1990,802500
"Alaska Peninsula and Aleutian Islands","Sockeye",1991,1049400
"Alaska Peninsula and Aleutian Islands","Sockeye",1992,682300
"Alaska Peninsula and Aleutian Islands","Sockeye",1993,753917
"Alaska Peninsula and Aleutian Islands","Sockeye",1994,1043300
"Alaska Peninsula and Aleutian Islands","Sockeye",1995,900840
"Alaska Peninsula and Aleutian Islands","Sockeye",1996,794100
"Alaska Peninsula and Aleutian Islands","Sockeye",1997,708100
"Alaska Peninsula and Aleutian Islands","Sockeye",1998,725498
"Alaska Peninsula and Aleutian Islands","Sockeye",1999,703442
"Alaska Peninsula and Aleutian Islands","Sockeye",2000,617399
"Alaska Peninsula and Aleutian Islands","Sockeye",2001,697914
"Alaska Peninsula and Aleutian Islands","Sockeye",2002,829807
"Alaska Peninsula and Aleutian Islands","Sockeye",2003,1033798
"Alaska Peninsula and Aleutian Islands","Sockeye",2004,1152085
"Alaska Peninsula and Aleutian Islands","Sockeye",2005,1190597
"Alaska Peninsula and Aleutian Islands","Sockeye",2006,828661
"Alaska Peninsula and Aleutian Islands","Sockeye",2007,766793
"Alaska Peninsula and Aleutian Islands","Sockeye",2008,568582
"Alaska Peninsula and Aleutian Islands","Sockeye",2009,609077
"Alaska Peninsula and Aleutian Islands","Sockeye",2010,608381
"Alaska Peninsula and Aleutian Islands","Sockeye",2011,555366
"Alaska Peninsula and Aleutian Islands","Sockeye",2012,498654
"Alaska Peninsula and Aleutian Islands","Sockeye",2013,770073
"Alaska Peninsula and Aleutian Islands","Sockeye",2014,860024
"Alaska Peninsula and Aleutian Islands","Sockeye",2015,960818
"Alaska Peninsula and Aleutian Islands","Sockeye",2016,1055896
"Bristol Bay","Chinook",2011,59728
"Bristol Bay","Chinook",2012,110177
"Bristol Bay","Chinook",2013,113743
"Bristol Bay","Chinook",2014,74660
"Bristol Bay","Chinook",2015,98021
"Bristol Bay","Chinook",2016,125368
"Bristol Bay","Chum",2011,248278
"Bristol Bay","Chum",2012,395162
"Bristol Bay","Chum",2013,623326
"Bristol Bay","Chum",2014,552797
"Bristol Bay","Chum",2015,288932
"Bristol Bay","Chum",2016,419810
"Bristol Bay","Coho",2012,322632
"Bristol Bay","Coho",2013,200448
"Bristol Bay","Coho",2014,478198
"Bristol Bay","Pink",2012,1215670
"Bristol Bay","Pink",2013,2480
"Bristol Bay","Pink",2014,2281831
"Bristol Bay","Sockeye",2011,428191
"Bristol Bay","Sockeye",2012,8565295
"Bristol Bay","Sockeye",2013,7631858
"Bristol Bay","Sockeye",2014,11831223
"Bristol Bay","Sockeye",2015,16602986
"Bristol Bay","Sockeye",2016,12286664
"Chignik","Chinook",1922,242
"Chignik","Chinook",1923,286
"Chignik","Chinook",1924,424
"Chignik","Chinook",1925,919
"Chignik","Chinook",1926,1683
"Chignik","Chinook",1927,1823
"Chignik","Chinook",1928,3353
"Chignik","Chinook",1929,3425
"Chignik","Chinook",1930,2034
"Chignik","Chinook",1931,1643
"Chignik","Chinook",1932,2225
"Chignik","Chinook",1934,1393
"Chignik","Chinook",1935,1950
"Chignik","Chinook",1936,1622
"Chignik","Chinook",1937,2250
"Chignik","Chinook",1939,2234
"Chignik","Chinook",1949,3007
"Chignik","Chinook",1950,5075
"Chignik","Chinook",1952,3826
"Chignik","Chinook",1953,1659
"Chignik","Chinook",1954,4596
"Chignik","Chinook",1955,1973
"Chignik","Chinook",1956,2036
"Chignik","Chinook",1957,2589
"Chignik","Chinook",1963,564
"Chignik","Chinook",1964,914
"Chignik","Chinook",1965,942
"Chignik","Chinook",1966,822
"Chignik","Chinook",1973,822
"Chignik","Chinook",1974,672
"Chignik","Chinook",1975,871
"Chignik","Chinook",1977,822
"Chignik","Chinook",1978,9795
"Chignik","Chinook",1979,1050
"Chignik","Chinook",1980,876
"Chignik","Chinook",1981,1603
"Chignik","Chinook",1982,2412
"Chignik","Chinook",1983,1943
"Chignik","Chinook",1984,5548
"Chignik","Chinook",1985,3144
"Chignik","Chinook",1986,3612
"Chignik","Chinook",1987,2624
"Chignik","Chinook",1988,4868
"Chignik","Chinook",1989,3316
"Chignik","Chinook",1990,4364
"Chignik","Chinook",1991,4531
"Chignik","Chinook",1992,3806
"Chignik","Chinook",1993,1946
"Chignik","Chinook",1994,2963
"Chignik","Chinook",1995,4288
"Chignik","Chinook",1996,3488
"Chignik","Chinook",1997,3824
"Chignik","Chinook",1998,3075
"Chignik","Chinook",1999,3728
"Chignik","Chinook",2000,4285
"Chignik","Chinook",2001,3028
"Chignik","Chinook",2002,3541
"Chignik","Chinook",2003,6412
"Chignik","Chinook",2004,7840
"Chignik","Chinook",2005,6486
"Chignik","Chinook",2006,3535
"Chignik","Chinook",2007,2000
"Chignik","Chinook",2008,1730
"Chignik","Chinook",2009,1680
"Chignik","Chinook",2010,3679
"Chignik","Chinook",2011,2728
"Chignik","Chinook",2012,1449
"Chignik","Chinook",2013,1253
"Chignik","Chinook",2014,2895
"Chignik","Chinook",2015,2054
"Chignik","Chinook",2016,1843
"Chignik","Chum",1996,136
"Chignik","Chum",1997,483
"Chignik","Chum",1998,156
"Chignik","Chum",1999,48
"Chignik","Chum",2000,48
"Chignik","Chum",2001,66
"Chignik","Chum",2002,67
"Chignik","Chum",2003,68
"Chignik","Chum",2004,276
"Chignik","Chum",2005,408
"Chignik","Chum",2006,99
"Chignik","Chum",2007,118
"Chignik","Chum",2008,124
"Chignik","Chum",2009,109
"Chignik","Chum",2010,95
"Chignik","Chum",2011,145
"Chignik","Chum",2012,73
"Chignik","Chum",2013,72
"Chignik","Chum",2014,58
"Chignik","Chum",2015,54
"Chignik","Chum",2016,114
"Chignik","Coho",1986,334
"Chignik","Coho",1987,833
"Chignik","Coho",1988,967
"Chignik","Coho",1989,441
"Chignik","Coho",1990,926
"Chignik","Coho",1992,925
"Chignik","Coho",1993,2048
"Chignik","Coho",1995,2456
"Chignik","Coho",1996,41380
"Chignik","Coho",1997,49436
"Chignik","Coho",1998,29023
"Chignik","Coho",1999,3189
"Chignik","Coho",2000,7795
"Chignik","Coho",2001,2806
"Chignik","Coho",2002,9927
"Chignik","Coho",2003,7635
"Chignik","Coho",2004,18810
"Chignik","Coho",2005,18206
"Chignik","Coho",2006,37113
"Chignik","Coho",2007,10299
"Chignik","Coho",2008,13958
"Chignik","Coho",2009,7670
"Chignik","Coho",2010,5152
"Chignik","Coho",2011,5293
"Chignik","Coho",2012,2663
"Chignik","Coho",2013,16783
"Chignik","Coho",2014,15572
"Chignik","Coho",2015,2851
"Chignik","Coho",2016,14187
"Chignik","Pink",1986,34
"Chignik","Pink",1988,1241
"Chignik","Pink",1989,37
"Chignik","Pink",1990,682
"Chignik","Pink",1992,4895
"Chignik","Pink",1993,620
"Chignik","Pink",1995,4058
"Chignik","Pink",1996,7381
"Chignik","Pink",1997,6538
"Chignik","Pink",1998,14363
"Chignik","Pink",1999,4568
"Chignik","Pink",2000,4644
"Chignik","Pink",2001,2875
"Chignik","Pink",2002,3458
"Chignik","Pink",2003,1897
"Chignik","Pink",2004,2243
"Chignik","Pink",2005,13637
"Chignik","Pink",2006,18401
"Chignik","Pink",2007,20464
"Chignik","Pink",2008,22341
"Chignik","Pink",2009,12873
"Chignik","Pink",2010,3670
"Chignik","Pink",2011,16298
"Chignik","Pink",2012,2849
"Chignik","Pink",2013,7231
"Chignik","Pink",2014,3171
"Chignik","Pink",2015,5306
"Chignik","Pink",2016,486
"Chignik","Sockeye",1922,428977
"Chignik","Sockeye",1923,216124
"Chignik","Sockeye",1924,1010136
"Chignik","Sockeye",1925,1063930
"Chignik","Sockeye",1926,960314
"Chignik","Sockeye",1927,1256028
"Chignik","Sockeye",1928,1490600
"Chignik","Sockeye",1929,1860551
"Chignik","Sockeye",1930,441661
"Chignik","Sockeye",1931,712952
"Chignik","Sockeye",1932,3185966
"Chignik","Sockeye",1933,534660
"Chignik","Sockeye",1934,1282514
"Chignik","Sockeye",1935,640018
"Chignik","Sockeye",1936,902298
"Chignik","Sockeye",1937,597298
"Chignik","Sockeye",1939,1615207
"Chignik","Sockeye",1949,770839
"Chignik","Sockeye",1950,1041318
"Chignik","Sockeye",1952,288018
"Chignik","Sockeye",1953,380279
"Chignik","Sockeye",1954,451675
"Chignik","Sockeye",1955,446573
"Chignik","Sockeye",1956,757099
"Chignik","Sockeye",1957,508545
"Chignik","Sockeye",1958,325322
"Chignik","Sockeye",1959,382607
"Chignik","Sockeye",1960,467859
"Chignik","Sockeye",1961,369616
"Chignik","Sockeye",1962,473808
"Chignik","Sockeye",1963,498899
"Chignik","Sockeye",1964,285851
"Chignik","Sockeye",1965,418254
"Chignik","Sockeye",1966,512555
"Chignik","Sockeye",1967,485964
"Chignik","Sockeye",1968,559179
"Chignik","Sockeye",1969,485144
"Chignik","Sockeye",1970,640709
"Chignik","Sockeye",1971,883169
"Chignik","Sockeye",1972,532590
"Chignik","Sockeye",1973,755191
"Chignik","Sockeye",1974,645696
"Chignik","Sockeye",1975,577648
"Chignik","Sockeye",1976,830763
"Chignik","Sockeye",1977,693473
"Chignik","Sockeye",1978,672697
"Chignik","Sockeye",1979,737787
"Chignik","Sockeye",1980,664061
"Chignik","Sockeye",1981,781449
"Chignik","Sockeye",1982,787721
"Chignik","Sockeye",1983,835635
"Chignik","Sockeye",1984,866208
"Chignik","Sockeye",1985,745838
"Chignik","Sockeye",1986,773319
"Chignik","Sockeye",1987,803743
"Chignik","Sockeye",1988,675757
"Chignik","Sockeye",1989,941182
"Chignik","Sockeye",1990,770410
"Chignik","Sockeye",1991,1219273
"Chignik","Sockeye",1992,766603
"Chignik","Sockeye",1993,697388
"Chignik","Sockeye",1994,966909
"Chignik","Sockeye",1995,739922
"Chignik","Sockeye",1996,749209
"Chignik","Sockeye",1997,775649
"Chignik","Sockeye",1998,701128
"Chignik","Sockeye",1999,715972
"Chignik","Sockeye",2000,805238
"Chignik","Sockeye",2001,1136939
"Chignik","Sockeye",2002,669621
"Chignik","Sockeye",2003,611989
"Chignik","Sockeye",2004,578260
"Chignik","Sockeye",2005,580456
"Chignik","Sockeye",2006,735492
"Chignik","Sockeye",2007,654973
"Chignik","Sockeye",2008,725774
"Chignik","Sockeye",2009,720056
"Chignik","Sockeye",2010,743913
"Chignik","Sockeye",2011,753789
"Chignik","Sockeye",2012,712391
"Chignik","Sockeye",2013,756102
"Chignik","Sockeye",2014,651610
"Chignik","Sockeye",2015,1123898
"Chignik","Sockeye",2016,769710
"Cook Inlet","Sockeye",2011,1926896
"Cook Inlet","Sockeye",2012,2014916
"Cook Inlet","Sockeye",2013,1954832
"Cook Inlet","Sockeye",2014,2025351
"Cook Inlet","Sockeye",2015,2320380
"Cook Inlet","Sockeye",2016,1698771
"Kodiak","Chinook",1926,1
"Kodiak","Chinook",1928,6002
"Kodiak","Chinook",1929,9837
"Kodiak","Chinook",1930,9213
"Kodiak","Chinook",1931,3283
"Kodiak","Chinook",1932,4881
"Kodiak","Chinook",1933,8107
"Kodiak","Chinook",1934,11573
"Kodiak","Chinook",1935,8151
"Kodiak","Chinook",1936,7507
"Kodiak","Chinook",1937,8555
"Kodiak","Chinook",1938,10099
"Kodiak","Chinook",1939,14316
"Kodiak","Chinook",1940,11261
"Kodiak","Chinook",1941,5267
"Kodiak","Chinook",1942,3950
"Kodiak","Chinook",1943,1658
"Kodiak","Chinook",1944,2810
"Kodiak","Chinook",1945,2117
"Kodiak","Chinook",1946,1675
"Kodiak","Chinook",1947,235
"Kodiak","Chinook",1948,312
"Kodiak","Chinook",1957,395
"Kodiak","Chinook",1958,876
"Kodiak","Chinook",1959,396
"Kodiak","Chinook",1960,431
"Kodiak","Chinook",1962,235
"Kodiak","Chinook",1963,276
"Kodiak","Chinook",1964,277
"Kodiak","Chinook",1965,85
"Kodiak","Chinook",1966,5573
"Kodiak","Chinook",1967,326
"Kodiak","Chinook",1968,22
"Kodiak","Chinook",1969,115
"Kodiak","Chinook",1970,1520
"Kodiak","Chinook",1971,459
"Kodiak","Chinook",1972,2029
"Kodiak","Chinook",1973,35
"Kodiak","Chinook",1974,765
"Kodiak","Chinook",1975,1129
"Kodiak","Chinook",1976,8418
"Kodiak","Chinook",1977,13802
"Kodiak","Chinook",1978,4871
"Kodiak","Chinook",1979,14441
"Kodiak","Chinook",1980,5854
"Kodiak","Chinook",1981,15621
"Kodiak","Chinook",1982,10771
"Kodiak","Chinook",1983,27515
"Kodiak","Chinook",1984,14472
"Kodiak","Chinook",1985,14020
"Kodiak","Chinook",1986,11152
"Kodiak","Chinook",1987,23771
"Kodiak","Chinook",1988,35239
"Kodiak","Chinook",1989,26165
"Kodiak","Chinook",1990,26185
"Kodiak","Chinook",1991,27424
"Kodiak","Chinook",1992,19141
"Kodiak","Chinook",1993,22337
"Kodiak","Chinook",1994,21779
"Kodiak","Chinook",1995,31139
"Kodiak","Chinook",1996,21574
"Kodiak","Chinook",1997,28988
"Kodiak","Chinook",1998,24826
"Kodiak","Chinook",1999,26998
"Kodiak","Chinook",2000,31483
"Kodiak","Chinook",2001,18919
"Kodiak","Chinook",2002,20326
"Kodiak","Chinook",2003,25991
"Kodiak","Chinook",2004,33143
"Kodiak","Chinook",2005,13631
"Kodiak","Chinook",2006,7532
"Kodiak","Chinook",2007,8498
"Kodiak","Chinook",2008,3935
"Kodiak","Chinook",2009,4095
"Kodiak","Chinook",2010,8620
"Kodiak","Chinook",2011,7847
"Kodiak","Chinook",2012,8149
"Kodiak","Chinook",2013,4332
"Kodiak","Chinook",2014,2156
"Kodiak","Chinook",2015,5290
"Kodiak","Chinook",2016,8183
"Kodiak","Chum",1928,4231
"Kodiak","Chum",1929,12168
"Kodiak","Chum",1930,4726
"Kodiak","Chum",1931,2958
"Kodiak","Chum",1932,589
"Kodiak","Chum",1941,2402
"Kodiak","Chum",1957,1
"Kodiak","Chum",1960,39
"Kodiak","Chum",1963,41
"Kodiak","Chum",1964,19
"Kodiak","Chum",1965,9
"Kodiak","Chum",1966,243
"Kodiak","Chum",1968,499
"Kodiak","Chum",1969,7
"Kodiak","Chum",1970,134
"Kodiak","Chum",1971,1309
"Kodiak","Chum",1972,368
"Kodiak","Chum",1973,206
"Kodiak","Chum",1974,1310
"Kodiak","Chum",1975,209
"Kodiak","Chum",1976,1226
"Kodiak","Chum",1977,333
"Kodiak","Chum",1978,85
"Kodiak","Chum",1979,204
"Kodiak","Chum",1980,340
"Kodiak","Chum",1981,588
"Kodiak","Chum",1982,235
"Kodiak","Chum",1983,18277
"Kodiak","Chum",1984,18386
"Kodiak","Chum",1985,12053
"Kodiak","Chum",1986,9605
"Kodiak","Chum",1987,30171
"Kodiak","Chum",1988,31107
"Kodiak","Chum",1989,5061
"Kodiak","Chum",1990,9814
"Kodiak","Chum",1991,15318
"Kodiak","Chum",1992,20937
"Kodiak","Chum",1993,4376
"Kodiak","Chum",1994,4600
"Kodiak","Chum",1995,3211
"Kodiak","Chum",1996,5891
"Kodiak","Chum",1997,5639
"Kodiak","Chum",1998,27594
"Kodiak","Chum",1999,75665
"Kodiak","Chum",2000,22889
"Kodiak","Chum",2001,6466
"Kodiak","Chum",2002,7818
"Kodiak","Chum",2003,3698
"Kodiak","Chum",2004,2746
"Kodiak","Chum",2005,3305
"Kodiak","Chum",2006,14720
"Kodiak","Chum",2007,4437
"Kodiak","Chum",2008,1947
"Kodiak","Chum",2009,1708
"Kodiak","Chum",2010,4041
"Kodiak","Chum",2011,2847
"Kodiak","Chum",2012,2046
"Kodiak","Chum",2013,2122
"Kodiak","Chum",2014,1540
"Kodiak","Chum",2015,3088
"Kodiak","Chum",2016,3789
"Kodiak","Coho",1926,1120
"Kodiak","Coho",1927,4216
"Kodiak","Coho",1928,20322
"Kodiak","Coho",1929,36986
"Kodiak","Coho",1930,23335
"Kodiak","Coho",1931,37168
"Kodiak","Coho",1932,34294
"Kodiak","Coho",1933,12834
"Kodiak","Coho",1934,6195
"Kodiak","Coho",1935,33122
"Kodiak","Coho",1936,54190
"Kodiak","Coho",1937,16658
"Kodiak","Coho",1938,2169
"Kodiak","Coho",1939,30557
"Kodiak","Coho",1940,3402
"Kodiak","Coho",1941,17488
"Kodiak","Coho",1942,15855
"Kodiak","Coho",1943,1012
"Kodiak","Coho",1944,17136
"Kodiak","Coho",1945,3929
"Kodiak","Coho",1946,23830
"Kodiak","Coho",1947,4315
"Kodiak","Coho",1948,24007
"Kodiak","Coho",1949,7655
"Kodiak","Coho",1950,6010
"Kodiak","Coho",1952,3022
"Kodiak","Coho",1954,289
"Kodiak","Coho",1955,292
"Kodiak","Coho",1956,361
"Kodiak","Coho",1957,6169
"Kodiak","Coho",1958,5585
"Kodiak","Coho",1959,1502
"Kodiak","Coho",1960,1328
"Kodiak","Coho",1962,490
"Kodiak","Coho",1963,1507
"Kodiak","Coho",1964,5258
"Kodiak","Coho",1965,2494
"Kodiak","Coho",1966,2136
"Kodiak","Coho",1967,8611
"Kodiak","Coho",1968,3239
"Kodiak","Coho",1969,3077
"Kodiak","Coho",1970,5830
"Kodiak","Coho",1971,4813
"Kodiak","Coho",1972,8254
"Kodiak","Coho",1974,11629
"Kodiak","Coho",1975,16466
"Kodiak","Coho",1976,25407
"Kodiak","Coho",1977,25340
"Kodiak","Coho",1978,24698
"Kodiak","Coho",1979,63699
"Kodiak","Coho",1980,8884
"Kodiak","Coho",1981,39691
"Kodiak","Coho",1982,25194
"Kodiak","Coho",1983,61114
"Kodiak","Coho",1984,40967
"Kodiak","Coho",1985,112148
"Kodiak","Coho",1986,81881
"Kodiak","Coho",1987,111665
"Kodiak","Coho",1988,75975
"Kodiak","Coho",1989,89040
"Kodiak","Coho",1990,92174
"Kodiak","Coho",1991,83768
"Kodiak","Coho",1992,62760
"Kodiak","Coho",1993,64148
"Kodiak","Coho",1994,105955
"Kodiak","Coho",1995,78392
"Kodiak","Coho",1996,84945
"Kodiak","Coho",1997,81891
"Kodiak","Coho",1998,86735
"Kodiak","Coho",1999,64472
"Kodiak","Coho",2000,53057
"Kodiak","Coho",2001,88072
"Kodiak","Coho",2002,107243
"Kodiak","Coho",2003,41795
"Kodiak","Coho",2004,33593
"Kodiak","Coho",2005,50864
"Kodiak","Coho",2006,34714
"Kodiak","Coho",2007,39900
"Kodiak","Coho",2008,53360
"Kodiak","Coho",2009,88752
"Kodiak","Coho",2010,45346
"Kodiak","Coho",2011,47749
"Kodiak","Coho",2012,45399
"Kodiak","Coho",2013,57702
"Kodiak","Coho",2014,47589
"Kodiak","Coho",2015,18486
"Kodiak","Coho",2016,30655
"Kodiak","Pink",1926,4633
"Kodiak","Pink",1927,1040
"Kodiak","Pink",1928,5506
"Kodiak","Pink",1929,19452
"Kodiak","Pink",1930,740428
"Kodiak","Pink",1931,148721
"Kodiak","Pink",1932,4309222
"Kodiak","Pink",1933,107663
"Kodiak","Pink",1934,2357016
"Kodiak","Pink",1935,10515
"Kodiak","Pink",1936,770389
"Kodiak","Pink",1937,12216
"Kodiak","Pink",1938,2246472
"Kodiak","Pink",1939,57597
"Kodiak","Pink",1940,1629109
"Kodiak","Pink",1941,164039
"Kodiak","Pink",1942,901584
"Kodiak","Pink",1943,234
"Kodiak","Pink",1944,223062
"Kodiak","Pink",1945,4615
"Kodiak","Pink",1946,510235
"Kodiak","Pink",1947,37
"Kodiak","Pink",1948,115663
"Kodiak","Pink",1949,232
"Kodiak","Pink",1950,25610
"Kodiak","Pink",1952,53540
"Kodiak","Pink",1954,15749
"Kodiak","Pink",1955,237
"Kodiak","Pink",1956,3311
"Kodiak","Pink",1957,1059
"Kodiak","Pink",1958,114641
"Kodiak","Pink",1959,2864
"Kodiak","Pink",1960,65620
"Kodiak","Pink",1962,87894
"Kodiak","Pink",1963,1058
"Kodiak","Pink",1964,62581
"Kodiak","Pink",1965,3058
"Kodiak","Pink",1966,22304
"Kodiak","Pink",1967,27329
"Kodiak","Pink",1968,149431
"Kodiak","Pink",1969,4395
"Kodiak","Pink",1970,829312
"Kodiak","Pink",1971,8642
"Kodiak","Pink",1972,106544
"Kodiak","Pink",1973,1607
"Kodiak","Pink",1974,45945
"Kodiak","Pink",1975,25590
"Kodiak","Pink",1976,1118282
"Kodiak","Pink",1977,134792
"Kodiak","Pink",1978,2442215
"Kodiak","Pink",1979,108188
"Kodiak","Pink",1980,3230056
"Kodiak","Pink",1981,129868
"Kodiak","Pink",1982,3109083
"Kodiak","Pink",1983,140184
"Kodiak","Pink",1984,2446575
"Kodiak","Pink",1985,514930
"Kodiak","Pink",1986,1573084
"Kodiak","Pink",1987,229868
"Kodiak","Pink",1988,1614556
"Kodiak","Pink",1989,1021268
"Kodiak","Pink",1990,4356408
"Kodiak","Pink",1991,641646
"Kodiak","Pink",1992,1396753
"Kodiak","Pink",1993,502645
"Kodiak","Pink",1994,940166
"Kodiak","Pink",1995,572065
"Kodiak","Pink",1996,1703498
"Kodiak","Pink",1997,392360
"Kodiak","Pink",1998,2515504
"Kodiak","Pink",1999,395753
"Kodiak","Pink",2000,1674245
"Kodiak","Pink",2001,305913
"Kodiak","Pink",2002,2792062
"Kodiak","Pink",2003,468513
"Kodiak","Pink",2004,3097352
"Kodiak","Pink",2005,595861
"Kodiak","Pink",2006,1972569
"Kodiak","Pink",2007,476178
"Kodiak","Pink",2008,1552267
"Kodiak","Pink",2009,343896
"Kodiak","Pink",2010,2143196
"Kodiak","Pink",2011,243976
"Kodiak","Pink",2012,2125950
"Kodiak","Pink",2013,373752
"Kodiak","Pink",2014,1315263
"Kodiak","Pink",2015,730058
"Kodiak","Pink",2016,575274
"Kodiak","Sockeye",1921,1325061
"Kodiak","Sockeye",1922,384683
"Kodiak","Sockeye",1923,694580
"Kodiak","Sockeye",1924,775705
"Kodiak","Sockeye",1925,1620691
"Kodiak","Sockeye",1926,2535518
"Kodiak","Sockeye",1927,882361
"Kodiak","Sockeye",1928,1549827
"Kodiak","Sockeye",1929,978686
"Kodiak","Sockeye",1930,1521240
"Kodiak","Sockeye",1931,1864770
"Kodiak","Sockeye",1932,1442816
"Kodiak","Sockeye",1933,1023165
"Kodiak","Sockeye",1934,2376189
"Kodiak","Sockeye",1935,1480304
"Kodiak","Sockeye",1936,1963746
"Kodiak","Sockeye",1937,1893202
"Kodiak","Sockeye",1938,1850953
"Kodiak","Sockeye",1939,1287158
"Kodiak","Sockeye",1940,987576
"Kodiak","Sockeye",1941,1548656
"Kodiak","Sockeye",1942,1219500
"Kodiak","Sockeye",1943,734256
"Kodiak","Sockeye",1944,876568
"Kodiak","Sockeye",1945,1656604
"Kodiak","Sockeye",1946,856307
"Kodiak","Sockeye",1947,484749
"Kodiak","Sockeye",1948,1173958
"Kodiak","Sockeye",1949,964971
"Kodiak","Sockeye",1950,941350
"Kodiak","Sockeye",1952,755086
"Kodiak","Sockeye",1953,334770
"Kodiak","Sockeye",1954,188396
"Kodiak","Sockeye",1955,218003
"Kodiak","Sockeye",1956,262244
"Kodiak","Sockeye",1957,229968
"Kodiak","Sockeye",1958,189082
"Kodiak","Sockeye",1959,126303
"Kodiak","Sockeye",1960,79817
"Kodiak","Sockeye",1961,296636
"Kodiak","Sockeye",1962,908175
"Kodiak","Sockeye",1963,498535
"Kodiak","Sockeye",1964,559019
"Kodiak","Sockeye",1965,450519
"Kodiak","Sockeye",1966,582930
"Kodiak","Sockeye",1967,700594
"Kodiak","Sockeye",1968,623471
"Kodiak","Sockeye",1969,499867
"Kodiak","Sockeye",1970,458460
"Kodiak","Sockeye",1971,415257
"Kodiak","Sockeye",1972,495001
"Kodiak","Sockeye",1973,308981
"Kodiak","Sockeye",1974,925032
"Kodiak","Sockeye",1975,636644
"Kodiak","Sockeye",1976,935736
"Kodiak","Sockeye",1977,1071968
"Kodiak","Sockeye",1978,823533
"Kodiak","Sockeye",1979,1126118
"Kodiak","Sockeye",1980,1578453
"Kodiak","Sockeye",1981,1140276
"Kodiak","Sockeye",1982,1384219
"Kodiak","Sockeye",1983,1282483
"Kodiak","Sockeye",1984,1252202
"Kodiak","Sockeye",1985,2901409
"Kodiak","Sockeye",1986,2103828
"Kodiak","Sockeye",1987,1434862
"Kodiak","Sockeye",1988,1808289
"Kodiak","Sockeye",1989,3159179
"Kodiak","Sockeye",1990,2109311
"Kodiak","Sockeye",1991,2573489
"Kodiak","Sockeye",1992,2040645
"Kodiak","Sockeye",1993,1762748
"Kodiak","Sockeye",1994,2128457
"Kodiak","Sockeye",1995,1911560
"Kodiak","Sockeye",1996,1832069
"Kodiak","Sockeye",1997,1857268
"Kodiak","Sockeye",1998,1889843
"Kodiak","Sockeye",1999,2196404
"Kodiak","Sockeye",2000,1694503
"Kodiak","Sockeye",2001,1698362
"Kodiak","Sockeye",2002,1658472
"Kodiak","Sockeye",2003,2236868
"Kodiak","Sockeye",2004,1676181
"Kodiak","Sockeye",2005,1582778
"Kodiak","Sockeye",2006,999415
"Kodiak","Sockeye",2007,1310467
"Kodiak","Sockeye",2008,974544
"Kodiak","Sockeye",2009,1177921
"Kodiak","Sockeye",2010,1112696
"Kodiak","Sockeye",2011,1130065
"Kodiak","Sockeye",2012,1392248
"Kodiak","Sockeye",2013,1382599
"Kodiak","Sockeye",2014,1832039
"Kodiak","Sockeye",2015,1701767
"Kodiak","Sockeye",2016,1338972
"Kuskokwim","Chinook",1976,5638
"Kuskokwim","Chinook",1978,14533
"Kuskokwim","Chinook",1979,11393
"Kuskokwim","Chinook",1981,16089
"Kuskokwim","Chinook",1982,13126
"Kuskokwim","Chinook",1984,43165
"Kuskokwim","Chinook",1985,40199
"Kuskokwim","Chinook",1986,22922
"Kuskokwim","Chinook",1987,11029
"Kuskokwim","Chinook",1988,8028
"Kuskokwim","Chinook",1990,10093
"Kuskokwim","Chinook",1991,8915
"Kuskokwim","Chinook",1992,8008
"Kuskokwim","Chinook",1993,14509
"Kuskokwim","Chinook",1994,3061
"Kuskokwim","Chinook",1995,25340
"Kuskokwim","Chinook",1996,21541
"Kuskokwim","Chinook",1997,23897
"Kuskokwim","Chinook",1998,3553
"Kuskokwim","Chinook",1999,10730
"Kuskokwim","Chinook",2000,10023
"Kuskokwim","Chinook",2001,18799
"Kuskokwim","Chinook",2002,23350
"Kuskokwim","Chinook",2003,22857
"Kuskokwim","Chinook",2004,52608
"Kuskokwim","Chinook",2005,47985
"Kuskokwim","Chinook",2006,38448
"Kuskokwim","Chinook",2007,30589
"Kuskokwim","Chinook",2008,18400
"Kuskokwim","Chinook",2009,24963
"Kuskokwim","Chinook",2010,16831
"Kuskokwim","Chinook",2011,16660
"Kuskokwim","Chinook",2012,5635
"Kuskokwim","Chinook",2013,9101
"Kuskokwim","Chinook",2014,14797
"Kuskokwim","Chinook",2015,26882
"Kuskokwim","Chinook",2016,15899
"Kuskokwim","Chum",1976,8477
"Kuskokwim","Chum",1978,50710
"Kuskokwim","Chum",1979,16424
"Kuskokwim","Chum",1981,56693
"Kuskokwim","Chum",1982,58219
"Kuskokwim","Chum",1984,41418
"Kuskokwim","Chum",1985,14611
"Kuskokwim","Chum",1986,12785
"Kuskokwim","Chum",1988,29408
"Kuskokwim","Chum",1990,26556
"Kuskokwim","Chum",1991,50725
"Kuskokwim","Chum",1992,63665
"Kuskokwim","Chum",1993,44744
"Kuskokwim","Chum",1994,35652
"Kuskokwim","Chum",1995,66526
"Kuskokwim","Chum",1996,72452
"Kuskokwim","Chum",1997,31032
"Kuskokwim","Chum",1998,26996
"Kuskokwim","Chum",1999,54375
"Kuskokwim","Chum",2000,37669
"Kuskokwim","Chum",2001,98965
"Kuskokwim","Chum",2002,160288
"Kuskokwim","Chum",2003,122721
"Kuskokwim","Chum",2004,140745
"Kuskokwim","Chum",2005,353649
"Kuskokwim","Chum",2006,373340
"Kuskokwim","Chum",2007,413498
"Kuskokwim","Chum",2008,158980
"Kuskokwim","Chum",2009,197404
"Kuskokwim","Chum",2010,230379
"Kuskokwim","Chum",2011,293577
"Kuskokwim","Chum",2012,121894
"Kuskokwim","Chum",2013,220765
"Kuskokwim","Chum",2014,93448
"Kuskokwim","Chum",2015,93445
"Kuskokwim","Chum",2016,119316
"Kuskokwim","Coho",1981,11279
"Kuskokwim","Coho",1982,37295
"Kuskokwim","Coho",1983,8240
"Kuskokwim","Coho",1984,26206
"Kuskokwim","Coho",1985,15076
"Kuskokwim","Coho",1986,17660
"Kuskokwim","Coho",1987,25461
"Kuskokwim","Coho",1988,12463
"Kuskokwim","Coho",1990,3446
"Kuskokwim","Coho",1991,7206
"Kuskokwim","Coho",1994,28110
"Kuskokwim","Coho",1996,50003
"Kuskokwim","Coho",1997,34679
"Kuskokwim","Coho",1998,56355
"Kuskokwim","Coho",1999,34763
"Kuskokwim","Coho",2000,48276
"Kuskokwim","Coho",2001,57650
"Kuskokwim","Coho",2002,66603
"Kuskokwim","Coho",2003,176250
"Kuskokwim","Coho",2004,111435
"Kuskokwim","Coho",2005,65877
"Kuskokwim","Coho",2006,61706
"Kuskokwim","Coho",2007,92297
"Kuskokwim","Coho",2008,126093
"Kuskokwim","Coho",2009,75457
"Kuskokwim","Coho",2010,61033
"Kuskokwim","Coho",2011,99572
"Kuskokwim","Coho",2012,41950
"Kuskokwim","Coho",2013,59218
"Kuskokwim","Coho",2014,121600
"Kuskokwim","Coho",2015,88499
"Kuskokwim","Coho",2016,32084
"Kuskokwim","Pink",1984,40596
"Kuskokwim","Pink",1986,8368
"Kuskokwim","Pink",1990,3378
"Kuskokwim","Sockeye",1976,2345
"Kuskokwim","Sockeye",1978,1732
"Kuskokwim","Sockeye",1979,2478
"Kuskokwim","Sockeye",1981,17871
"Kuskokwim","Sockeye",1982,23595
"Kuskokwim","Sockeye",1984,4127
"Kuskokwim","Sockeye",1985,4445
"Kuskokwim","Sockeye",1986,4294
"Kuskokwim","Sockeye",1988,4294
"Kuskokwim","Sockeye",1990,8383
"Kuskokwim","Sockeye",1991,57198
"Kuskokwim","Sockeye",1992,7833
"Kuskokwim","Sockeye",1993,52930
"Kuskokwim","Sockeye",1994,56503
"Kuskokwim","Sockeye",1995,48921
"Kuskokwim","Sockeye",1996,15262
"Kuskokwim","Sockeye",1997,47911
"Kuskokwim","Sockeye",1998,44538
"Kuskokwim","Sockeye",1999,55258
"Kuskokwim","Sockeye",2000,43748
"Kuskokwim","Sockeye",2001,28399
"Kuskokwim","Sockeye",2002,85660
"Kuskokwim","Sockeye",2003,175282
"Kuskokwim","Sockeye",2004,166269
"Kuskokwim","Sockeye",2005,425673
"Kuskokwim","Sockeye",2006,195950
"Kuskokwim","Sockeye",2007,397356
"Kuskokwim","Sockeye",2008,64878
"Kuskokwim","Sockeye",2009,357538
"Kuskokwim","Sockeye",2010,330748
"Kuskokwim","Sockeye",2011,150955
"Kuskokwim","Sockeye",2012,168569
"Kuskokwim","Sockeye",2013,189317
"Kuskokwim","Sockeye",2014,332644
"Kuskokwim","Sockeye",2015,268315
"Kuskokwim","Sockeye",2016,277205
"Prince William Sound","Chinook",2013,4
"Prince William Sound","Chinook",2014,1
"Prince William Sound","Chinook",2015,1
"Prince William Sound","Chinook",2016,1
"Prince William Sound","Chum",2012,5
"Prince William Sound","Chum",2013,78
"Prince William Sound","Chum",2014,31
"Prince William Sound","Chum",2015,6
"Prince William Sound","Chum",2016,67
"Prince William Sound","Coho",2016,3
"Prince William Sound","Pink",2011,31073
"Prince William Sound","Pink",2012,12299
"Prince William Sound","Pink",2013,359838
"Prince William Sound","Pink",2014,4786
"Prince William Sound","Pink",2015,358406
"Prince William Sound","Pink",2016,18591
"Prince William Sound","Sockeye",2011,120024
"Prince William Sound","Sockeye",2012,71981
"Prince William Sound","Sockeye",2013,17230
"Prince William Sound","Sockeye",2014,68993
"Prince William Sound","Sockeye",2015,12770
"Prince William Sound","Sockeye",2016,626722
"Southeast","Chinook",1925,60
"Southeast","Chinook",1926,87
"Southeast","Chinook",1927,67
"Southeast","Chinook",1928,41
"Southeast","Chinook",1929,41
"Southeast","Chinook",1955,404
"Southeast","Chinook",1966,79
"Southeast","Chinook",1971,955
"Southeast","Chinook",1974,2
"Southeast","Chinook",1976,3219
"Southeast","Chinook",1977,5528
"Southeast","Chinook",1978,4509
"Southeast","Chinook",1979,6592
"Southeast","Chinook",1980,3923
"Southeast","Chinook",1981,3474
"Southeast","Chinook",1982,4040
"Southeast","Chinook",1983,4127
"Southeast","Chinook",1984,4793
"Southeast","Chinook",1985,10485
"Southeast","Chinook",1986,13017
"Southeast","Chinook",1987,14965
"Southeast","Chinook",1988,13474
"Southeast","Chinook",1989,10802
"Southeast","Chinook",1990,11094
"Southeast","Chinook",1991,11242
"Southeast","Chinook",1992,11953
"Southeast","Chinook",1993,23176
"Southeast","Chinook",1994,15499
"Southeast","Chinook",1995,20780
"Southeast","Chinook",1996,16438
"Southeast","Chinook",1997,17411
"Southeast","Chinook",1998,13781
"Southeast","Chinook",1999,10467
"Southeast","Chinook",2000,12276
"Southeast","Chinook",2001,13440
"Southeast","Chinook",2002,14862
"Southeast","Chinook",2003,14775
"Southeast","Chinook",2004,22765
"Southeast","Chinook",2005,9942
"Southeast","Chinook",2006,6075
"Southeast","Chinook",2007,3697
"Southeast","Chinook",2008,4487
"Southeast","Chinook",2009,6036
"Southeast","Chinook",2010,4428
"Southeast","Chinook",2011,5511
"Southeast","Chinook",2012,1065
"Southeast","Chinook",2013,1423
"Southeast","Chinook",2014,1949
"Southeast","Chinook",2015,3598
"Southeast","Chinook",2016,1314
"Southeast","Chum",1925,133
"Southeast","Chum",1926,55
"Southeast","Chum",1927,280
"Southeast","Chum",1928,2048
"Southeast","Chum",1929,5123
"Southeast","Chum",1930,23224
"Southeast","Chum",1931,50772
"Southeast","Chum",1934,16
"Southeast","Chum",1936,36
"Southeast","Chum",1937,53
"Southeast","Chum",1938,5
"Southeast","Chum",1939,117
"Southeast","Chum",1940,109
"Southeast","Chum",1941,18
"Southeast","Chum",1942,7
"Southeast","Chum",1943,153
"Southeast","Chum",1944,667
"Southeast","Chum",1945,123
"Southeast","Chum",1946,4
"Southeast","Chum",1947,138
"Southeast","Chum",1948,370
"Southeast","Chum",1949,128
"Southeast","Chum",1950,77
"Southeast","Chum",1951,62
"Southeast","Chum",1952,70
"Southeast","Chum",1953,142
"Southeast","Chum",1955,12
"Southeast","Chum",1956,75
"Southeast","Chum",1957,964
"Southeast","Chum",1958,41
"Southeast","Chum",1959,15
"Southeast","Chum",1960,163
"Southeast","Chum",1961,9704
"Southeast","Chum",1962,1810
"Southeast","Chum",1963,1110
"Southeast","Chum",1964,1709
"Southeast","Chum",1965,25345
"Southeast","Chum",1966,21059
"Southeast","Chum",1967,25521
"Southeast","Chum",1968,807
"Southeast","Chum",1969,30109
"Southeast","Chum",1970,41185
"Southeast","Chum",1971,72739
"Southeast","Chum",1972,109691
"Southeast","Chum",1973,110664
"Southeast","Chum",1974,83534
"Southeast","Chum",1975,44672
"Southeast","Chum",1976,51309
"Southeast","Chum",1977,61409
"Southeast","Chum",1978,57328
"Southeast","Chum",1979,39347
"Southeast","Chum",1980,79360
"Southeast","Chum",1981,49374
"Southeast","Chum",1982,87169
"Southeast","Chum",1983,67944
"Southeast","Chum",1984,101703
"Southeast","Chum",1985,67648
"Southeast","Chum",1986,52346
"Southeast","Chum",1987,68066
"Southeast","Chum",1988,106116
"Southeast","Chum",1989,8176
"Southeast","Chum",1990,7540
"Southeast","Chum",1991,20628
"Southeast","Chum",1992,50115
"Southeast","Chum",1993,61766
"Southeast","Chum",1994,35082
"Southeast","Chum",1995,13121
"Southeast","Chum",1996,11723
"Southeast","Chum",1997,2018
"Southeast","Chum",1998,2945
"Southeast","Chum",1999,26396
"Southeast","Chum",2000,29365
"Southeast","Chum",2001,9387
"Southeast","Chum",2002,6263
"Southeast","Chum",2003,8833
"Southeast","Chum",2004,8689
"Southeast","Chum",2005,4050
"Southeast","Chum",2006,12430
"Southeast","Chum",2007,4103
"Southeast","Chum",2008,56374
"Southeast","Chum",2009,60102
"Southeast","Chum",2010,65590
"Southeast","Chum",2011,5335
"Southeast","Chum",2012,3315
"Southeast","Chum",2013,1748
"Southeast","Chum",2014,1459
"Southeast","Chum",2015,6004
"Southeast","Chum",2016,1898
"Southeast","Coho",1925,654
"Southeast","Coho",1926,596
"Southeast","Coho",1927,2011
"Southeast","Coho",1928,3382
"Southeast","Coho",1929,2837
"Southeast","Coho",1930,6525
"Southeast","Coho",1931,3289
"Southeast","Coho",1934,1
"Southeast","Coho",1936,40
"Southeast","Coho",1937,8
"Southeast","Coho",1938,1
"Southeast","Coho",1939,122
"Southeast","Coho",1940,1
"Southeast","Coho",1941,1
"Southeast","Coho",1942,2
"Southeast","Coho",1943,28
"Southeast","Coho",1944,324
"Southeast","Coho",1945,578
"Southeast","Coho",1946,111
"Southeast","Coho",1947,111
"Southeast","Coho",1948,238
"Southeast","Coho",1949,202
"Southeast","Coho",1950,1283
"Southeast","Coho",1951,322
"Southeast","Coho",1952,208
"Southeast","Coho",1953,115
"Southeast","Coho",1954,154
"Southeast","Coho",1956,86
"Southeast","Coho",1957,67
"Southeast","Coho",1958,169
"Southeast","Coho",1959,261
"Southeast","Coho",1960,104
"Southeast","Coho",1961,2948
"Southeast","Coho",1962,3447
"Southeast","Coho",1963,3676
"Southeast","Coho",1964,1560
"Southeast","Coho",1965,1811
"Southeast","Coho",1966,2891
"Southeast","Coho",1967,2039
"Southeast","Coho",1968,2403
"Southeast","Coho",1969,4600
"Southeast","Coho",1970,5369
"Southeast","Coho",1971,7218
"Southeast","Coho",1972,1631
"Southeast","Coho",1973,794
"Southeast","Coho",1974,1322
"Southeast","Coho",1975,2246
"Southeast","Coho",1976,3204
"Southeast","Coho",1977,8436
"Southeast","Coho",1978,5322
"Southeast","Coho",1979,2642
"Southeast","Coho",1980,4403
"Southeast","Coho",1981,9726
"Southeast","Coho",1982,26508
"Southeast","Coho",1983,53516
"Southeast","Coho",1984,33674
"Southeast","Coho",1985,25086
"Southeast","Coho",1986,27962
"Southeast","Coho",1987,29073
"Southeast","Coho",1988,30292
"Southeast","Coho",1989,20605
"Southeast","Coho",1990,21617
"Southeast","Coho",1991,35420
"Southeast","Coho",1992,20251
"Southeast","Coho",1993,29538
"Southeast","Coho",1994,26221
"Southeast","Coho",1995,24229
"Southeast","Coho",1996,32800
"Southeast","Coho",1997,32856
"Southeast","Coho",1998,30469
"Southeast","Coho",1999,46182
"Southeast","Coho",2000,24308
"Southeast","Coho",2001,51027
"Southeast","Coho",2002,66166
"Southeast","Coho",2003,37371
"Southeast","Coho",2004,31595
"Southeast","Coho",2005,45601
"Southeast","Coho",2006,28834
"Southeast","Coho",2007,23787
"Southeast","Coho",2008,47227
"Southeast","Coho",2009,51348
"Southeast","Coho",2010,35071
"Southeast","Coho",2011,35035
"Southeast","Coho",2012,49373
"Southeast","Coho",2013,28482
"Southeast","Coho",2014,54335
"Southeast","Coho",2015,56860
"Southeast","Coho",2016,30944
"Southeast","Pink",1925,260844
"Southeast","Pink",1926,121774
"Southeast","Pink",1927,44822
"Southeast","Pink",1928,601275
"Southeast","Pink",1929,324116
"Southeast","Pink",1930,796095
"Southeast","Pink",1931,1146467
"Southeast","Pink",1932,126852
"Southeast","Pink",1934,6940
"Southeast","Pink",1935,6093
"Southeast","Pink",1936,5164
"Southeast","Pink",1937,7085
"Southeast","Pink",1938,6467
"Southeast","Pink",1939,16830
"Southeast","Pink",1940,47594
"Southeast","Pink",1941,76303
"Southeast","Pink",1942,88829
"Southeast","Pink",1943,14900
"Southeast","Pink",1944,3925
"Southeast","Pink",1945,5456
"Southeast","Pink",1946,933
"Southeast","Pink",1947,1435
"Southeast","Pink",1948,578
"Southeast","Pink",1949,4898
"Southeast","Pink",1950,11306
"Southeast","Pink",1951,4191
"Southeast","Pink",1952,45
"Southeast","Pink",1953,1164
"Southeast","Pink",1954,13
"Southeast","Pink",1955,9357
"Southeast","Pink",1956,933
"Southeast","Pink",1957,2010
"Southeast","Pink",1958,217
"Southeast","Pink",1959,35418
"Southeast","Pink",1960,134
"Southeast","Pink",1961,127868
"Southeast","Pink",1962,220075
"Southeast","Pink",1963,96749
"Southeast","Pink",1964,135501
"Southeast","Pink",1965,95423
"Southeast","Pink",1966,115981
"Southeast","Pink",1967,60504
"Southeast","Pink",1968,62997
"Southeast","Pink",1969,203035
"Southeast","Pink",1970,296100
"Southeast","Pink",1971,339073
"Southeast","Pink",1972,98503
"Southeast","Pink",1973,114036
"Southeast","Pink",1974,101924
"Southeast","Pink",1975,64358
"Southeast","Pink",1976,67901
"Southeast","Pink",1977,208029
"Southeast","Pink",1978,411259
"Southeast","Pink",1979,293858
"Southeast","Pink",1980,525130
"Southeast","Pink",1981,260373
"Southeast","Pink",1982,426607
"Southeast","Pink",1983,1070388
"Southeast","Pink",1984,139256
"Southeast","Pink",1985,838765
"Southeast","Pink",1986,578292
"Southeast","Pink",1987,670846
"Southeast","Pink",1988,497820
"Southeast","Pink",1989,363105
"Southeast","Pink",1990,52143
"Southeast","Pink",1991,154511
"Southeast","Pink",1992,115561
"Southeast","Pink",1993,53352
"Southeast","Pink",1994,258770
"Southeast","Pink",1995,263506
"Southeast","Pink",1996,594034
"Southeast","Pink",1997,558065
"Southeast","Pink",1998,179932
"Southeast","Pink",1999,536312
"Southeast","Pink",2000,417064
"Southeast","Pink",2001,454295
"Southeast","Pink",2002,360462
"Southeast","Pink",2003,685591
"Southeast","Pink",2004,394947
"Southeast","Pink",2005,1055437
"Southeast","Pink",2006,530311
"Southeast","Pink",2007,368438
"Southeast","Pink",2008,247634
"Southeast","Pink",2009,453841
"Southeast","Pink",2010,405472
"Southeast","Pink",2011,540915
"Southeast","Pink",2012,440833
"Southeast","Pink",2013,500609
"Southeast","Pink",2014,126736
"Southeast","Pink",2015,241467
"Southeast","Pink",2016,66271
"Southeast","Sockeye",1925,75
"Southeast","Sockeye",1926,57
"Southeast","Sockeye",1927,121
"Southeast","Sockeye",1928,2771
"Southeast","Sockeye",1929,1999
"Southeast","Sockeye",1930,6371
"Southeast","Sockeye",1931,15749
"Southeast","Sockeye",1948,2
"Southeast","Sockeye",1950,1497
"Southeast","Sockeye",1953,22988
"Southeast","Sockeye",1954,21148
"Southeast","Sockeye",1955,23648
"Southeast","Sockeye",1959,4311
"Southeast","Sockeye",1960,6397
"Southeast","Sockeye",1961,16519
"Southeast","Sockeye",1962,28096
"Southeast","Sockeye",1963,2922
"Southeast","Sockeye",1964,19781
"Southeast","Sockeye",1965,17868
"Southeast","Sockeye",1966,29152
"Southeast","Sockeye",1967,123507
"Southeast","Sockeye",1968,123532
"Southeast","Sockeye",1969,105534
"Southeast","Sockeye",1970,115311
"Southeast","Sockeye",1971,325170
"Southeast","Sockeye",1972,113476
"Southeast","Sockeye",1973,61662
"Southeast","Sockeye",1974,96839
"Southeast","Sockeye",1975,61139
"Southeast","Sockeye",1976,299963
"Southeast","Sockeye",1977,445556
"Southeast","Sockeye",1978,304054
"Southeast","Sockeye",1979,334135
"Southeast","Sockeye",1980,314672
"Southeast","Sockeye",1981,548234
"Southeast","Sockeye",1982,634287
"Southeast","Sockeye",1983,576882
"Southeast","Sockeye",1984,843681
"Southeast","Sockeye",1985,514667
"Southeast","Sockeye",1986,409412
"Southeast","Sockeye",1987,560778
"Southeast","Sockeye",1988,300182
"Southeast","Sockeye",1989,807476
"Southeast","Sockeye",1990,489925
"Southeast","Sockeye",1991,1887299
"Southeast","Sockeye",1992,482789
"Southeast","Sockeye",1993,508188
"Southeast","Sockeye",1994,374884
"Southeast","Sockeye",1995,280621
"Southeast","Sockeye",1996,262184
"Southeast","Sockeye",1997,231513
"Southeast","Sockeye",1998,187255
"Southeast","Sockeye",1999,368201
"Southeast","Sockeye",2000,265666
"Southeast","Sockeye",2001,1985493
"Southeast","Sockeye",2002,2539233
"Southeast","Sockeye",2003,2765123
"Southeast","Sockeye",2004,851524
"Southeast","Sockeye",2005,2295313
"Southeast","Sockeye",2006,2891220
"Southeast","Sockeye",2007,1494233
"Southeast","Sockeye",2008,1680367
"Southeast","Sockeye",2009,1296130
"Southeast","Sockeye",2010,981711
"Southeast","Sockeye",2011,660702
"Southeast","Sockeye",2012,643600
"Southeast","Sockeye",2013,566931
"Southeast","Sockeye",2014,523515
"Southeast","Sockeye",2015,2594625
"Southeast","Sockeye",2016,381008
"Yukon","Chinook",1995,210741
"Yukon","Chinook",1997,199763
"Yukon","Chinook",1998,108038
"Yukon","Chinook",1999,184218
"Yukon","Chinook",2000,54560
"Yukon","Chinook",2001,121089
"Yukon","Chinook",2002,151713
"Yukon","Chinook",2003,318088
"Yukon","Chinook",2004,200761
"Yukon","Chinook",2005,340544
"Yukon","Chinook",2006,302456
"Yukon","Chinook",2007,211943
"Yukon","Chinook",2008,213143
"Yukon","Chinook",2009,247753
"Yukon","Chinook",2010,180162
"Yukon","Chinook",2011,200068
"Yukon","Chinook",2012,162302
"Yukon","Chinook",2013,167530
"Yukon","Chinook",2014,227357
"Yukon","Chinook",2015,230874
"Yukon","Chinook",2016,249227
"Yukon","Coho",1995,119893
"Yukon","Coho",1997,118065
"Yukon","Coho",1998,146365
"Yukon","Coho",1999,76174
"Yukon","Coho",2000,206365
"Yukon","Coho",2001,160272
"Yukon","Coho",2002,137077
"Yukon","Coho",2003,280552
"Yukon","Coho",2004,207844
"Yukon","Coho",2005,194372
"Yukon","Coho",2006,163889
"Yukon","Coho",2007,192406
"Yukon","Coho",2008,145378
"Yukon","Coho",2009,240779
"Yukon","Coho",2010,177724
"Yukon","Coho",2011,149533
"Yukon","Coho",2012,130734
"Yukon","Coho",2013,110515
"Yukon","Coho",2014,283421
"Yukon","Coho",2015,121193
"Yukon","Coho",2016,168297
"Yukon","Pink",1994,252999
"Yukon","Pink",1995,53277
"Yukon","Pink",1997,3872
"Yukon","Pink",1998,249511
"Yukon","Pink",1999,3947
"Yukon","Pink",2000,86248
"Yukon","Pink",2001,2846
"Yukon","Pink",2002,255180
"Yukon","Pink",2003,11370
"Yukon","Pink",2004,403851
"Yukon","Pink",2005,61091
"Yukon","Pink",2006,183006
"Yukon","Pink",2007,126282
"Yukon","Pink",2008,1314965
"Yukon","Pink",2009,34529
"Yukon","Pink",2010,1423240
"Yukon","Pink",2011,9754
"Yukon","Pink",2012,1011731
"Yukon","Pink",2013,6126
"Yukon","Pink",2014,1652378
"Yukon","Pink",2015,39690
"Yukon","Pink",2016,2032377
